recipe,ingredient_1,ingredient_2,ingredient_3,ingredient_4,ingredient_5,ingredient_6,ingredient_7,ingredient_8,ingredient_9,ingredient_10,ingredient_11,ingredient_12,ingredient_13,ingredient_14,ingredient_15,ingredient_16,ingredient_17,ingredient_18,ingredient_19,ingredient_20,ingredient_21,ingredient_22,ingredient_23,ingredient_24,ingredient_25,ingredient_26,ingredient_27,ingredient_28,ingredient_29,ingredient_30,ingredient_31,ingredient_32,ingredient_33,ingredient_34
Spicy Tempeh Nori Rolls,sushi rice,brown rice vinegar,vegan sugar,salt,package tempeh,vegan mayonnaise,hot chile sesame oil,nori seaweed,avocado,scallion,toasted sesame seeds,black sesame seed,,,,,,,,,,,,,,,,,,,,,,
Grilled Yuca Tortillas,yuca,olive oil,garlic,red bell pepper,jalapeno pepper,lime juice,salt,pepper,corn kernels,roasted red pepper,mushroom,black olives,yellow bell pepper,flour tortillas,whole wheat tortillas,,,,,,,,,,,,,,,,,,,
"Pinto, Corn & Jalapeno Quesadillas",cashews,water,roasted red pepper,nutritional yeast,white miso,lemon juice,onion powder,ground turmeric,salt,unrefined coconut oil,olive oil,jalapeno peppers,garlic,corn kernels,cremini mushrooms,cilantro,pinto beans,flour tortillas,avocado,spray olive oil,guacamole,,,,,,,,,,,,,
Butternut Squash & Pumpkin Seed Rice Paper Rolls,butternut squash,olive oil,vermicelli rice noodles,brown rice paper wrappers,cilantro,roasted salted pumpkin seeds,soy sauce,rice vinegar,Asian hot chile oil,toasted sesame oil,organic sugar,rice sticks,thai basil,,,,,,,,,,,,,,,,,,,,,
Greek Zucchini Tomato Fritters with Fresh Herbs,firm tofu,walnuts,garlic,lemon juice,tomato paste,oregano,salt,black pepper,vegan bread crumbs,dill,mint,zucchini,tomatoes,olive oil,,,,,,,,,,,,,,,,,,,,
Autumn Latkes,beets,carrot,sweet potato,shallot,all-purpose flour,cornstarch,salt,black pepper,fennel seeds,olive oil,,,,,,,,,,,,,,,,,,,,,,,,
Potato Latkes,russet potatoes,yellow onion,potato starch,salt,pepper,matzo meal,vegetable oil,corn starch,,,,,,,,,,,,,,,,,,,,,,,,,,
Broccoli-Millet Croquettes,olive oil,garlic,tarragon,red pepper flakes,black pepper,salt,millet,vegetable broth,broccoli,,,,,,,,,,,,,,,,,,,,,,,,,
Acorn Squash & Black Bean Empanadas,all-purpose flour,cornmeal,vegan sugar,salt,baking powder,coconut oil,apple cider vinegar,water,acorn squash,cooking spray,olive oil,red onion,jalapeno peppers,coriander seeds,garlic,ground cumin,black beans,lime juice,lemon juice,maple syrup,,,,,,,,,,,,,,
Panko-Stuffed Muchrooms,cremini mushrooms,peanut oil,daikon,garlic,mirin,salt,white pepper,vegan panko,sesame oil,scallion,toasted sesame seeds,,,,,,,,,,,,,,,,,,,,,,,
Buckwheat Blini,unsweetened nondairy milk,apple cider vinegar,vegan sugar,water,active dry yeast,ground flaxseeds,buckwheat flour,chickpea flour,salt,olive oil,cooking spray,,,,,,,,,,,,,,,,,,,,,,,
Everyday Chipotle-Vegetable Tamales,masa harina flour,baking powder,olive oil,vegetable broth,onion,garlic,red bell pepper,carrot,pinto beans,corn kernels,chipotle peppers in adobo,tomato paste,ground cumin,salt,black beans,corn husks,,,,,,,,,,,,,,,,,,
Samosa Stuffed Baked Potatoes,russet potatoes,unsweetened nondairy milk,refined coconut oil,yellow mustard seeds,coriander seeds,yellow onion,carrot,garlic,fresh ginger,ground cumin,ground turmeric,salt,peas,lemon,fresh cilantro,vegetable broth,water,,,,,,,,,,,,,,,,,
Creole Stuffed Peppers,bell peppers,olive oil,yellow onion,jalapeno peppers,carrot,garlic,bay leaves,dried oregano,dried basil,sweet paprika,fresh thyme,salt,diced tomatoes,black-eyed peas,fresh parsley,,,,,,,,,,,,,,,,,,,
Curried Carrot Dip,carrots,roasted sunflower seeds,olive oil,garlic,curry powder,ground cumin,salt,lemon juice,,,,,,,,,,,,,,,,,,,,,,,,,,
White Bean Aioli,navy beans,lemon juice,salt,black pepper,olive oil,garlic,great northern beans,,,,,,,,,,,,,,,,,,,,,,,,,,,
Chestnut-Lentil Pate,chestnuts,french lentils,garlic,water,grapeseed oil,salt,parsley leaves,nutmeg,,,,,,,,,,,,,,,,,,,,,,,,,,
Walnut-Mushroom Pate,olive oil,yellow onion,garlic,dried thyme,dried tarragon,salt,black pepper,cremini mushrooms,walnuts,balsamic vinegar,cannellini beans,vegetable broth,,,,,,,,,,,,,,,,,,,,,,
Sweet Basil Pesto Tapenade,basil leaves,walnut,garlic,extra-virgin olive oil,maple syrup,lemon zest,salt,black pepper,,,,,,,,,,,,,,,,,,,,,,,,,,
Sun-Dried Tomato Dip,sun-dried tomatoes,water,almonds,white beans,garlic,olive oil,lemon juice,salt,black pepper,navy beans,,,,,,,,,,,,,,,,,,,,,,,,
Mediterranean-Style Cashew-Cucumber Dip,cashews,cucumber,lemon juice,garlic,extra-virgin olive oil,dried oregano,salt,black pepper,dill,kalamata olives,,,,,,,,,,,,,,,,,,,,,,,,
Asparagus- Spinach Dip,olive oil,garlic,asparagus,water,spinach,cashews,capers,salt,black pepper,lemon juice,,,,,,,,,,,,,,,,,,,,,,,,
Guacamole,hass avocado,lime,yellow onion,kosher salt,black pepper,cilantro,tomato,cumin,jalapeno pepper,garlic,white onion,,,,,,,,,,,,,,,,,,,,,,,
Hummus,chickpeas,olive oil,tahini,lemon juice,garlic,sea salt,ground cumin,ground coriander,water,,,,,,,,,,,,,,,,,,,,,,,,,
Diner Home Fries,Yukon gold potatoes,olive oil,green bell pepper,onion,black pepper,salt,,,,,,,,,,,,,,,,,,,,,,,,,,,,
Mushrooms & Spinach Strata,shallot,olive oil,cremini mushrooms,garlic,dried thyme,dried rosemary,dried oregano,red pepper flakes,black pepper,spinach,vegan bread,firm tofu,lemon juice,yellow mustard,cornstarch,vegetable broth,salt,water,,,,,,,,,,,,,,,,
Isa's Basic Scrambled Tofu,cumin,thyme,turmeric,salt,water,olive oil,garlic,extra-fim tofu,nutritional yeast,black pepper,,,,,,,,,,,,,,,,,,,,,,,,
Tofu Florentine,spinach,vegan butter,tomato,vegan english muffins,extra-firm tofu,water,soy sauce,Yukon gold potatoes,green bell pepper,onion,vegetable broth,all-purpose flour,olive oil,garlic,dried thyme,salt,black pepper,ground turmeric,nutritional yeast flakes,lemon juice,yellow mustard,,,,,,,,,,,,,
Blue Flannel Hash,olive oil,blue potatoes,package tempeh,red pepper flakes,onion,soy sauce,,,,,,,,,,,,,,,,,,,,,,,,,,,,
Greek Tofu Benedict,roasted red peppers,kalamata olives,dried oregano,vegan english muffins,pita,extra-firm tofu,soy sauce,Yukon gold potatoes,green bell pepper,onion,black pepper,tahini,water,garlic,lemon juice,olive oil,balsamic vinegar,paprika,salt,fresh dill,,,,,,,,,,,,,,
Old-Fashioned Tempeh Bacon Strips,tempeh,maple syrup,tamari,ketchup,olive oil,refined coconut oil,liquid smoke,cooking spray,,,,,,,,,,,,,,,,,,,,,,,,,,
Little Maple Breakfast Sausages,brown rice,white quinoa,navy beans,vegetable broth,maple syrup,tamari,extra-virgin olive oil,vital wheat gluten,garbanzo bean flour,rubbed dried sage,dried thyme,garlic powder,smoked sweet paprika,black pepper,whole wheat flour,,,,,,,,,,,,,,,,,,,
Wednesday Waffles,unsweetened nondairy milk,cornstarch,apple cider vinegar,all-purpose flour,vegan sugar,baking powder,salt,water,canola oil,vanilla extract,cooking spray,,,,,,,,,,,,,,,,,,,,,,,
Chocolate Chip Brownie Waffles,all-purpose flour,unsweetened cocoa powder,baking powder,baking soda,ground cinnamon,salt,unsweetened almond milk,unsweetened soy milk,unsweetened coconut milk,water,soy based yogurt,coconut based yogurt,almond based yogurt,canola oil,vegan sugar,vanilla extract,semisweet chocolate chips,chopped pecans,cooking spray,vegan butter,strawberries,blackberries,,,,,,,,,,,,
Banana-Nut Waffles,unsweetened nondairy milk,apple cider vinegar,water,bananas,canola oil,maple syrup,vanilla extract,all-purpose flour,baking powder,baking soda,salt,nutmeg,walnuts,cooking spray,strawberries,agave syrup,,,,,,,,,,,,,,,,,,
Blueberry Corn Pancakes ,all-purpose flour,cornmeal,baking powder,salt,canola oil,unsweetened non-dairy milk,water,vanilla extract,maple syrup,lemon zest,blueberries,cooking spray,,,,,,,,,,,,,,,,,,,,,,
Potato-Mushroom Blintzes,vegan butter,Yukon potatoes,olive oil,yellow onion,caraway seeds,dried thyme,mushrooms,black pepper,unsweetened almond milk,unsweetened soy milk,unsweetened coconut milk,water,all-purpose flour,chickpea flour,arrowroot flour,salt,cooking spray,coconut oil,,,,,,,,,,,,,,,,
Crepes: Savory wheat crepes,unsweetened almond milk,unsweetened soy milk,unsweetened coconut milk,water,all-purpose flour,chickpea flour,arrowroot flour,salt,cooking spray,coconut oil,,,,,,,,,,,,,,,,,,,,,,,,
Crepes: Buckwheat crepes,unsweetened almond milk,unsweetened soy milk,unsweetened coconut milk,water,buckwheat flour,all-purpose flour,chickpea flour,arrowroot flour,salt,cooking spray,coconut oil,,,,,,,,,,,,,,,,,,,,,,,
Silken Caesar Salad,almonds,silken tofu,capers,caper brine,vegan sugar,english mustard powder,dijon mustard,sea salt,olive oil,garlic,lemon juice,French/Italian bread,salt,romaine lettuce,spinach,arugula,black pepper,,,,,,,,,,,,,,,,,
Kale Tahini Caesar Salad,tahini,water,white miso,Dijon mustard,caper,black pepper,kale,nutritional yeast,yellow miso,optional vegetables,olive oil,garlic,lemon juice,stale vegan bread,salt,,,,,,,,,,,,,,,,,,,
Grilled Ranch Salad,Olive oil cooking spray,shiitake mushrooms,soy sauce,nutritional yeast,liquid smoke,vegan mayonnaise,fresh parsley,fresh dill,onion powder,garlic powder,lemon pepper,romaine hearts,olive oil,salt,cooking spray,cherry tomatoes,avocados,fresh chives,black pepper,tamari,,,,,,,,,,,,,,
Corn & Edamame Sesame Salad,toasted sesame oil,rice vinegar,soy sauce,shelled edamame,corn kernels,toasted sesame seeds,salt,tamari,,,,,,,,,,,,,,,,,,,,,,,,,,
Jicama-Watercress-Avocado Salad,rice vinegar,ornage juice,lime juice,peanut oil,hot chile oil,soy sauce,vegan sugar,sesame oil,jicama,watercress,avocado,red onion,unsalted peanuts,carrot,mint,cilantro,,,,,,,,,,,,,,,,,,
Quinoa Salad,mango,red bell pepper,scallion,cilantro,red wine vinegar,grapeseed oil,salt,quinoa,black beans,lettuce,,,,,,,,,,,,,,,,,,,,,,,,
Lentil Salad Everyone Wants,vegetable broth,thyme,bay leaves,dried tarragon,salt,french lentils,red onion,tomato,radish,carrot,black pepper,olive oil,balsamic vinegar,Dijon mustard,lemon juice,garlic,fancy lettuce,,,,,,,,,,,,,,,,,
"Bulgur, Argula & Cannellini Salad",bulgur,cremini mushrooms,cannellini beans,red onion,arugula leaves,olive oil,red wine vinegar,balsamic vinegar,garlic,paprika,dried oregano,salt,black pepper,,,,,,,,,,,,,,,,,,,,,
Pear & Endive Salad,pecan,vegetable oil,salt,maple syrup,belgian endives,Anjou pear,grapeseed oil,white balsamic vinegar,,,,,,,,,,,,,,,,,,,,,,,,,,
Shredded Parsnip & Beet Salad,pineapple juice,red wine vinegar,grapeseed oil,maple syrup,agave nectar,garlic,salt,beets,parsnips,mint,,,,,,,,,,,,,,,,,,,,,,,,
Roasted Fennel & Hazelnut Salad,fennel,shallots,olive oil,hazelnut oil,walnut oil,champagne vinegar,white wine vinegar,maple syrup,dried tarragon,dried thyme,nutmeg,salt,chicory,hazelnuts,cranberries,black pepper,,,,,,,,,,,,,,,,,,
Portobello Salad with Spicy Mustard Dressing,spicy mustard,grapeseed oil,red wine vinegar,maple syrup,mixed greens,avocado,red onion,chickpeas,cooking wine,olive oil,soy sauce,balsamic vinegar,garlic,portobello caps,,,,,,,,,,,,,,,,,,,,
Autumn Root Salad with Warm Maple-Fig Dressing,rutabaga,golden beets,parsnips,black pepper,field greens,olive oil,garlic,shallot,Mission figs,white cooking wine,salt,water,maple syrup,Dijon mustard,white balsamic vinegar,,,,,,,,,,,,,,,,,,,
Creamy Asian Pear & Tempeh Salad with Wasabi dressing,package tempeh,green peas,scallions,Asian pear,vegan mayonnaise,wasabi powder,lime juice,toasted sesame oil,salt,,,,,,,,,,,,,,,,,,,,,,,,,
Prospect Park Potato Salad,white potato,vegan mayonnaise,Dijon mustard,olive oil,white vinegar,vegan sugar,dried dill,ground turmeric,salt,black pepper,cucumber,carrot,,,,,,,,,,,,,,,,,,,,,,
Brooklyn Deli Macaroni Salad,vegan mayonnaise,white vinegar,vegan sugar,salt,black pepper,red radishes,carrots,elbow macaroni,peas,,,,,,,,,,,,,,,,,,,,,,,,,
Vegan Mayonnaise,unsweetened soy milk,unsweetened almond milk,golden flaxseeds,vegan sugar,mustard powder,onion powder,salt,white wine vinegar,lemon juice,canola oil,,,,,,,,,,,,,,,,,,,,,,,,
Shallot 'N' Herb dressing,shallot,olive oil,apple cider vinegar,dried thyme,dried oregano,dried basil,black pepper,,,,,,,,,,,,,,,,,,,,,,,,,,,
Maple-Mustard Dressing,Dijon mustard,whole grain mustard,maple syrup,olive oil,walnut oil,apple cider vinegar,black pepper,,,,,,,,,,,,,,,,,,,,,,,,,,,
Miso Tahini Dressing,white miso,yellow miso,tahini,water,,,,,,,,,,,,,,,,,,,,,,,,,,,,,,
Mediterranean Olive Oil & Lemon Vinaigrette,olive oil,lemon juice,garlic,dried oregano,dried thyme,dried basil,salt,black pepper,,,,,,,,,,,,,,,,,,,,,,,,,,
Toasted Sesame Dressing,grapeseed oil,brown rice vinegar,soy sauce,agave nectar,maple syrup,toasted sesame oil,sesame seeds,,,,,,,,,,,,,,,,,,,,,,,,,,,
Raspberry-Lime Vinaigrette,raspberries,greapeseed oil,mellow-tasting olive oil,lime zest,lime juice,agave nectar,maple syrup,salt,black pepper,,,,,,,,,,,,,,,,,,,,,,,,,
Baja-Style Grilled Tempeh Tacos,purple cabbage,white cabbage,carrot,vegan sugar,kosher salt,black pepper,unsweetened nondairy yogurt,limejuice,avocado oil,cilantro leaves,salt,pilsner beer,ale-style beer,garlic,soy sauce,olive oil,lime juice,chili powder,cumin,package tempeh,vegetable oil,white corn tortillas,red radishes,tomato,jalapeno peppers,Mexican-style hot sauce,avocado,,,,,,,
Black-Eyed Butternut Tostadas with Chipotle Pumpkin Seed Salsa,butternut squash,chili powder,ground smoked paprika,corn tortillas,olive oil,garlic,jalapeno peppers,ground cumin,vegetable broth,black-eyed peas,tomato,black pepper,pumpkin seeds,white onion,fire-roasted tomato,cilantro,lime juice,salt,arugula,avocado,lime wedges,mexican beer,,,,,,,,,,,,
Black Bean Burgers,black beans,vital wheat gluten,vegan whole wheat bread,chili powder,ground cumin,water,tomato paste,fresh cilantro,garlic,onion,olive oil,olive oil cooking spray,vegan whole wheat buns,,,,,,,,,,,,,,,,,,,,,
Beanball Sub,vegan hoagie rolls,fresh spinach,onion,green lentils,nutritional yeast,vital wheat gluten flour,soy sauce,tomato paste,water,vegan bread crumbs,tomatoes,dried thyme,black pepper,unroasted cashews,olive oil,soft silken tofu,lemon juice,arrowroot powder,garlic,dried oregano,grated nutmeg,salt,,,,,,,,,,,,
Snobby Joes,lentils,water,olive oil,yellow onion,green bell pepper,garlic,chili powder,dried oregano,salt,tomato sauce,tomato paste,maple syrup,yellow mustard,vegan kaiser rolls,,,,,,,,,,,,,,,,,,,,
Chile Cornmeal-Crusted Tofu Po'boy,vegan French bread,extra-firm tofu,unsweetened non-dairy milk,cornstarch,cornmeal,chile powder,ground cumin,cayenne pepper,lime zest,salt,corn oil,vegetable oil,olive oil,vegan mayo,canned chipotle,vegan mayonnaise,dried dill,English mustard powder,Dijon mustard,purple cabbage,white cabbage,carrot,bread-and-butter pickles,,,,,,,,,,,
Cuban Seitan Sandwiches,orange juice,lime juice,olive oil,garlic,dried oregano,ground cumin,salt,seitan,vegan submarine sandwich rolls,vegan butter,yellow mustard,bread-and-butter pickles,vegan ham,vegan cheese,soft vegan italian loaf,,,,,,,,,,,,,,,,,,,
Roasted Eggplant & Spinach Muffuletta Sandwich,eggplant,kosher salt,kalamata olives,green olives,flat-leaf parsley,garlic,sun-dried tomatoes,red-wine vinegar,white balsmaic vinegar,dried rosemary,dried thyme,celery seeds,crumbled oregano,crumbled basil,extra-virgin olive oil,spinach leaves,red wine vinegar,vegan peasant style loaf,jar peppers,,,,,,,,,,,,,,,
Vietnamese Seitan Baguette with a savory broth dip,broth,fresh ginger,Chinese five-spice powder,red pepper flakes,vegan sugar,lime juice,package seitan,vegetable oil,canola oil,soy sauce,tamari,garlic,cooking oil,vegan French baguettes,vegan mayonnaise,red onion,cucumber,cilantro,,,,,,,,,,,,,,,,
BBQ Seitan & crispy coleslaw sandwich,dried dill,English mustard powder,Dijon mustard,purple cabbage,white cabbage,carrot,bread-and-butter pickles,vegan sandwich rolls,vegan mayonnaise,vegetable oil,yellow onion,salt,red pepper flakes,tomatoes,molasses,white vinegar,vegan sugar,yellow mustard,liquid smoke,vital wheat gluten flour,nutritional yeast,olive oil,garlic,vegetable broth,soy sauce,,,,,,,,,
Sauteed Collards,garlic,olive oil,collards,vegetable broth,soy sauce,apple cider vinegar,liquid smoke,maple syrup,,,,,,,,,,,,,,,,,,,,,,,,,,
Sauteed Spinach & Tomatoes,coconut oil,onion,garlic,fresh ginger,red pepper flakes,salt,plum tomatoes,spinach,lemon juice,lime juice,,,,,,,,,,,,,,,,,,,,,,,,
Baby Bok Choy,baby bok choy,shallots,fresh ginger,peanut oil,mirin,agave nectar,tamari,toasted sesame seeds,,,,,,,,,,,,,,,,,,,,,,,,,,
Escarole with capers and white beans,olive oil,garlic,red pepper flakes,escarole,salt,capers,white beans,lemon,,,,,,,,,,,,,,,,,,,,,,,,,,
Sweet & Salty Brussel Sprouts,Brussel sprouts,olive oil,tamari,maple syrup,toasted pumpkin seeds,black pepper,,,,,,,,,,,,,,,,,,,,,,,,,,,,
Masala Brussel Sprouts,cooking spray,Brussel sprouts,chickpea flour,cornmeal,salt,garam masala,cayenne pepper,olive oil,lemon,,,,,,,,,,,,,,,,,,,,,,,,,
Herb Scalloped Potatoes,white potatoes,vegetable broth,unsweetened nondairy milk,olive oil,garlic,nutritional yeast,dried thyme,dried basil,dried rosemary,paprika,salt,black pepper,,,,,,,,,,,,,,,,,,,,,,
Lemony Roasted Potatoes,russet potatoes,olive oil,garlic,lemon juice,vegetable broth,dried oregano,salt,tomato paste,black pepper,fresh parsley,,,,,,,,,,,,,,,,,,,,,,,,
Mashed Potatoes & variations,potatoes,coconut oil,unsweetened nondairy milk,salt,black pepper,white pepper,,,,,,,,,,,,,,,,,,,,,,,,,,,,
Tinfoil Beets,beets,olive oil,salt,,,,,,,,,,,,,,,,,,,,,,,,,,,,,,,
Rhutabaga Puree,rutabaga,lime juice,full-fat coconut milk,agave nectar,salt,,,,,,,,,,,,,,,,,,,,,,,,,,,,,
Mashed Spiced Sweet Potatoes,sweet potatoes,salt,ground cinnamon,ground allspice,ground nutmeg,ground ginger,maple syrup,refined coconut oil,,,,,,,,,,,,,,,,,,,,,,,,,,
Creamed Corn,unsweetened nondairy milk,cornstarch,refined coconut oil,corn kernels,salt,,,,,,,,,,,,,,,,,,,,,,,,,,,,,
Roasted Butternut Squash,butternut squash,olive oil,coriander seeds,salt,,,,,,,,,,,,,,,,,,,,,,,,,,,,,,
Roasted Portobellos,cooking wine,olive oil,soy sauce,balsamic vinegar,garlic,portobello caps,,,,,,,,,,,,,,,,,,,,,,,,,,,,
Easy Stir Fried Leafy Greens,dark leafy greens,peanut oil,garlic,fresh ginger,rice cooking wine,soy sauce,vegan sugar,toasted sesame oil,sherry,mirin,,,,,,,,,,,,,,,,,,,,,,,,
Roasted Cauliflower with Mint & Toasted Almonds,cauliflower,olive oil,salt,black pepper,raw almonds,fresh mint leaves,lemon,lemon juice,,,,,,,,,,,,,,,,,,,,,,,,,,
Soft Poppy-Seed Polenta,vegetable broth,salt,corn grits,poppy seeds,olive oil,,,,,,,,,,,,,,,,,,,,,,,,,,,,,
Chickpea-Quinoa Pilaf,olive oil,yellow onion,garlic,tomato paste,coriander seeds,ground cumin,black pepper,salt,quinoa,chickpeas,vegetable broth,,,,,,,,,,,,,,,,,,,,,,,
Broccoli Polenta,vegetable broth,salt,corn grits,broccoli stalks,olive oil,,,,,,,,,,,,,,,,,,,,,,,,,,,,,
Fresh Dill-Basmati Rice with Chard & Chickpeas,basmati rice,chard,peanut oil,cumin seeds,shallots,onion,garam masala,fresh dill,chickpeas,vegetable broth,salt,lemon zest,black pepper,cayenne pepper,lemon juice,lemon wedges,water,,,,,,,,,,,,,,,,,
Israeli Couscous with pistachios and apricots,vegetable oil,garlic,Israeli couscous,water,cinnamon stick,ground cumin,ground cardamom,black pepper,salt,lime zest,fresh mint,dried apricot,pistachios,lime juice,,,,,,,,,,,,,,,,,,,,
Tomato Couscous,tomato,olive oil,fried oregano,whole wheat couscous,salt,cayenne pepper,cloves,capers,regular couscous,,,,,,,,,,,,,,,,,,,,,,,,,
Mexican Millet,peanut oil,vegetable oil,garlic,yellow onion,jalapeno pepper,uncooked millet,vegetable broth,tomato paste,salt,ground cumin,tomato,fresh cilantro,lime juice,,,,,,,,,,,,,,,,,,,,,
Messy Rice,vegetable oil,yellow onion,coriander seeds,garlic,tomato paste,salt,black pepper,jasmine rice,water,,,,,,,,,,,,,,,,,,,,,,,,,
Saffron-Garlic Rice,water,vegetable bouillon cube,saffron threads,olive oil,garlic,yellow onion,long-grain white rice,ground coriander,sliced almonds,salt,white pepper,,,,,,,,,,,,,,,,,,,,,,,
Baked Farro with tomatoes and herbs,uncooked farro,garlic,shallot,bay leaf,vegetable broth,tomato,dried oregano,dried thyme,dried basil,flat-leaf parsley,fresh basil,walnuts,nutritional yeast,salt,lemon zest,olive oil,,,,,,,,,,,,,,,,,,
Rustic White Beans with mushrooms,white beans,white onion,celery,carrot,dried thyme,tarragon,olive oil,garlic,leek,mushrooms,salt,black pepper,,,,,,,,,,,,,,,,,,,,,,
Mediterranean Baked Lima Beans,lima beans,bay leaf,olive oil,garlic,yellow onion,carrot,tomatoes,red wine vinegar,tomato paste,maple syrup,agave nectar,dried oregano,dried thyme,salt,nutmeg,black pepper,fresh parsley,fresh mint,,,,,,,,,,,,,,,,
Black Beans in chiptole adobo sauce,black beans,bay leaves,water,black pepper,olive oil,onion,garlic,chipotle peppers in adobo,adobo sauce,salt,,,,,,,,,,,,,,,,,,,,,,,,
Cheater Baked Beans,olive oil,yellow onion,garlic,tomato sauce,light molasses,mustard powder,salt,ground allspice,bay leaf,white beans,,,,,,,,,,,,,,,,,,,,,,,,
Tamarind Lentils,coconut oil,peanut oil,garlic,fresh ginger,onion,garam masala,cumin seeds,cayenne pepper,lentils,vegetable broth,concentrated tamarind syrup,maple syrup,agave nectar,tomato paste,salt,water,,,,,,,,,,,,,,,,,,
Can do chana masala,unrefined coconut oil,olive oil,red onion,fresh ginger,garlic,fresh turmeric,garam masala,tomato,chickpeas,pomegranate molasses,salt,water,fresh cilantro,,,,,,,,,,,,,,,,,,,,,
Chickpeas romesco,almonds,tomato,roasted red bell pepper,olive oil,garlic,shallots,serrano chile,white wine,vegetable broth,red wine vinegar,dried thyme,dried rosemary,chickpeas,salt,black pepper,,,,,,,,,,,,,,,,,,,
Chile Cornmeal-Crusted Tofu,extra-firm tofu,unsweetened non-dairy milk,cornstarch,cornmeal,chile powder,ground cumin,cayenne pepper,lime zest,salt,corn oil,vegetable oil,olive oil,,,,,,,,,,,,,,,,,,,,,,
Basic Broiled Tofu,extra-firm tofu,water,garlic,lemon juice,soy sauce,olive oil,,,,,,,,,,,,,,,,,,,,,,,,,,,,
Tangerine Baked tofu,tangerine zest,tangerine juice,lime juice,agave nectar,maple syrup,olive oil,ground cumin,ground allspice,black pepper,dark rum,extra-firm tofu,soy sauce,,,,,,,,,,,,,,,,,,,,,,
Curried tofu,vegetable broth,rice vinegar,olive oil,soy sauce,curry powder,cumin seeds,mirin,extra-firm tofu,,,,,,,,,,,,,,,,,,,,,,,,,,
Marinated Italian Tofu,white cooking wine,olive oil,balsamic vinegar,Bragg Liquid Aminos,tamari,lemon juice,garlic,dried basil,dried marjoram,dried thyme,extra-firm tofu,vegetable oil,,,,,,,,,,,,,,,,,,,,,,
Baked BBQ Tofu,tofu,peanut oil,tamari,vegetable oil,yellow onion,garlic,salt,red pepper flakes,tomatoes,molasses,white vinegar,vegan sugar,yellow mustard,liquid smoke,,,,,,,,,,,,,,,,,,,,
Crispy Salt & Pepper tofu,dry sherry,rice wine,tofu,soy sauce,cornstarch,canola oil,peanut oil,garlic,fresh ginger,red pepper flakes,black pepper,kosher salt,rice vinegar,scallion,,,,,,,,,,,,,,,,,,,,
Marinated Asian tofu,mirin,tamari,rice vinegar,sesame oil,Asian chile sauce,fresh ginger,garlic,extra-firm tofu,vegetable oil,,,,,,,,,,,,,,,,,,,,,,,,,
Smoky Grilled Tempeh,vegetable broth,soy sauce,apple cider vinegar,liquid smoke,olive oil,maple syrup,garlic,tempeh,,,,,,,,,,,,,,,,,,,,,,,,,,
Hot Sauce Glazed Tempeh,white wine,hot sauce,olive oil,soy sauce,lemon juice,garlic,ground cumin,dried oregano,cayenne pepper,package tempeh,,,,,,,,,,,,,,,,,,,,,,,,
Simple Seitan,vital wheat gluten flour,nutritional yeast,vegetable broth,soy sauce,olive oil,garlic,,,,,,,,,,,,,,,,,,,,,,,,,,,,
Chickpea Cutlets,chickpeas,wheat gluten,vegan bread crumbs,vegetable broth,soy sauce,garlic,lemon zest,dried thyme,Hungarian paprika,dried sage,olive oil,,,,,,,,,,,,,,,,,,,,,,,
Black Bean Vegetable Soup,black beans,water,bay leaves,baking soda,olive oil,garlic,onions,green bell pepper,jalapeno pepper,celery,carrot,ground cumin,dried oregano,dried thyme,vegetable broth,white wine vinegar,sherry vinegar,salt,black pepper,avocados,cilantro,lime wedges,,,,,,,,,,,,
Tomato-Rice soup with roasted garlic and navy beans,garlic,olive oil,yellow onion,brown rice,bay leaves,dried thyme,dried marjoram,salt,black pepper,tomatoes,navy beans,,,,,,,,,,,,,,,,,,,,,,,
"Acorn, Squash, Pear and Adzuki soup with sauteed shiitakes",peanut oil,yellow onion,red bell pepper,fresh ginger,garlic,salt,Chinese five-spice powder,acorn squash,Bartlett pears,vegetable broth,adzuki beans,lime juice,tosted sesame oil,shiitake mushrooms,soy sauce,,,,,,,,,,,,,,,,,,,
Ancho Lentil Soup,cumin seeds,dried ancho chiles,coriander seeds,olive oil,onion,garlic,bay leaves,salt,green lentils,vegetable broth,lime juice,cooking spray,lime slices,hot sauce,,,,,,,,,,,,,,,,,,,,
Broccoli-Potato soup,olive oil,onion,garlic,dried tarragon,black pepper,salt,vegetable broth,potatoes,broccoli,fresh dill,fresh mint,,,,,,,,,,,,,,,,,,,,,,,
Porcini-Wild Rice Soup,dried porcini mushrooms,water,olive oil,yellow onion,garlic,fresh thyme,salt,black pepper,cremini mushrooms,wild rice,vegetable broth,carrot,fresh chervil,,,,,,,,,,,,,,,,,,,,,
Chickpea Noodle Soup,olive oil,yellow onion,carrot,garlic,cremini mushrooms,celery seeds,dried thyme,dried rosemary,black pepper,mirin,vegetable broth,water,chickpeas,soba noodles,white miso,,,,,,,,,,,,,,,,,,,
Double Pea Soup with roasted red peppers,olive oil,onion,carrots,celery,water,split green peas,fresh ginger,dried thyme,dried tarragon,ground corriander,ground cumin,green peas,red bell pepper,salt,black pepper,bay leaf,,,,,,,,,,,,,,,,,,
French Lentil Soup with tarragon and Thyme,olive oil,yellow onion,carrot,garlic,dried tarragon,dried thyme,Hungarian paprika,plum tomatoes,water,vegetable broth,French lentils,bay leaves,salt,black pepper,,,,,,,,,,,,,,,,,,,,
Roasted Beet Borscht,red beets,olive oil,shallot,vegetable broth,sherry vinegar,fresh dill,raw cashews,full-fat coconut milk ,lemon juice,coconut oil,onion powder,salt,,,,,,,,,,,,,,,,,,,,,,
Homemade Vegetable Broth,olive oil,onion,carrots,parsnips,garlic ,leeks,fresh parsley,water,salt,whole cloves,,,,,,,,,,,,,,,,,,,,,,,,
Hot & Sour Soup with wood ears and napa cabbage,dried wood ear mushrooms,boiling water,napa cabbage,vegetable broth,soy sauce,rice vinegar,toasted sesame oil,white pepper,white mushrooms,arrowroot powder,cornstarch,cold water,sriracha,carrot,extra-firm tofu,scallion,,,,,,,,,,,,,,,,,,
"Midsummer corn chowder with basil, tomato, and fennel",corn,olive oil,garlic,carrot,fennel bulb,"white, waxy potatoes",dried thyme,vegetable broth,tomatoes,fresh basil leaves,salt,black pepper,water,corn cobs,carrots,celery,leek,onion,fresh parsley,black peppercorns,red peppercorns,,,,,,,,,,,,,
Fresh corn stock,water,corn,carrots,celery,leek,onion,fresh parsley,black peppercorns,red peppercorns,,,,,,,,,,,,,,,,,,,,,,,,,
Roasted Yellow Pepper and corn bisque,yellow bell peppers,vegetable oil,Vidalia onion,Walla Walla onion,garlic,red chiles,corn,summer squash,vegetable broth,salt,coconut milk,whole nutmeg,maple syrup,lime,,,,,,,,,,,,,,,,,,,,
Spicy Peanut and Eggplant soup,eggplant,shallots,peanut oil,fresh ginger,hot chile,ground cumin,ground cayenne pepper,ground coriander,ground turmeric,yellow onion,tomato paste,tomatoes,water,vegetable broth,salt,green beans,peanut butter,lemon juice,cilantro,,,,,,,,,,,,,,,
Baked potato and greens soup,potatoes,yellow onion,fennel seeds,dried sage,black pepper,white wine,vegetable broth,kale,nondairy milk,cornmeal,dried thyme,paprika,salt,garlic,olive oil,,,,,,,,,,,,,,,,,,,
Creamy tomato soup,olive oil,onion,garlic,dried rosemary,dried thyme,dried oregano,salt,black pepper,waxy potatoes,sun-dried tomatoes,vegetable broth,water,tomatoes,lemon juice,,,,,,,,,,,,,,,,,,,,
Smoky red pepper and beans gumbo,olive oil,all-purpose flour,onions,green bell peppers,celery,garlic,okra,tomatoes,red peppers,kidney beans,vegetable broth,ale-style beer,tomato paste,smoked sweet paprika,dried oregano,dried allspice,liquid smoke,cayenne pepper,salt,nutmeg,bay leaves,fresh thyme,black pepper,,,,,,,,,,,
Everyone's minestrone,olive oil,yellow onion,celery,salt,garlic,carrot,Yukon gold potatoes,dried thyme,dried rosemary,red pepper flakes,vegetable broth,macaroni pasta,green beans,navy beans,agave nectar,tomatoes,ditalini pasta,,,,,,,,,,,,,,,,,
Southwestern Corn Pudding,corn oil,corn kernels,red bell pepper,jalapeno peppers,cornstarch,full-fat coconut milk,cornmeal,maple syrup,scallion,fresh cilantro,salt,cayenne pepper,,,,,,,,,,,,,,,,,,,,,,
Spinach Noodle Kugel,rombi pasta,spinach,matzo meal,vegan bread crumbs,vegetable broth,olive oil,silken tofu,onion,fresh dill,lemon juice,salt,black pepper,cooking spray,mafalde pasta,lasagna noodles,short-cut ribbon noodles,,,,,,,,,,,,,,,,,,
Caramelized Onion Butternut Casserole,yellow onions,chestnuts,butternut squash,white beans,dried thyme,ground coriander,ground nutmeg,vegetable broth,white vegan bread crumbs,olive oil,dried sage,salt,black pepper,cayenne pepper,lima beans,,,,,,,,,,,,,,,,,,,
Asparagus Quiche with tomatoes and tarragon,,asparagus,walnuts,fresh tarragon,ground nutmeg,,black pepper,shallots,garlic,navy beans,cornstarch,vegan whole wheat bread crumbs,beefsteak tomato,holland tomato,all-purpose flour,salt,refined coconut oil,olive oil,water,apple cider vinegar,,,,,,,,,,,,,,
Eggplant Rollatini with spinach and toasted pine nuts ,eggplant,oil,spinach,pine nuts,fresh basil,cold water,cornstarch,vegan bread crumbs,dried basil,almonds,sesame seeds,lemon zest,tomatoes,dried thyme,dried oregano,extra-firm tofu,lemon juice,garlic,black pepper,fresh basil leaves,olive oil,nutritional yeast,salt,,,,,,,,,,,
Sweet Potato Pear Tzimmes and pecans and raisins,sweet potatoes,Bartlett pears,vegetable oil,mirin,maple syrup,ground cinnamon,salt,pecan halves,golden raisins,,,,,,,,,,,,,,,,,,,,,,,,,
Corn Bread Mole Skillet Pie,olive oil,yellow onion,carrot,mixed greens,unsweetened almond milk,unsweetened soy milk,apple cider vinegar,lime juice,canola oil,wheat pastry flour,cornmeal,vegan sugar,baking powder,baking soda,salt,black beans,pinto beans,white beans,almonds,tortilla chips,sesame seeds,aniseeds,chile powder,ground cinnamon,dried marjoram,ground allspice,ground cumin,peanut oil,garlic,onion,peanut butter,vegetable broth,tomatoes,vegan semisweet baking chocolate
Jamaican Yuca Shepherd's Pie,yuca,salt,olive oil,yellow onion,green bell pepper,garlic,fresh ginger,sweet potatoes,Scotch bonnet peppers,bay leaves,fresh thyme, full-fat coconut milk,water,corn,kidney beans,lima beans,yellow plantain,Jamaican curry powder,,,,,,,,,,,,,,,,
Almost All American Seitan Potpie,refined coconut oil,all-purpose flour,cornmeal,vegan sugar,baking powder,water,apple cider vinegar,peanut oil,chickpea flour,onion,carrot,celery,light colored ale,white wine,white potato,celery root,green peas,corn,dried thyme,mustard powder ground sage,black pepper,salt,nondairy milk,whole wheat flour,vital wheat gluten flour,nutritional yeast,olive oil,garlic,vegetable broth,soy sauce,,,,
Cauliflower & Mushroom Potpie with black olive crust,all-purpose flour,leek,vegetable broth,dried tarragon,dried thyme,dried marjoram,mustard powder,bay leaf,black pepper,olive oil,carrot,cremini mushrooms,apple cider vinegar,lemon juice,cauliflower,all-purpose flower,baking powder,salt,dried thyme leaves,refined coconut oil,unsweetened almond milk,unsweetened soy milk,black olives,,,,,,,,,,,
Potato & Kale Enchiladas with roasted fresh chile sauce,yellow onion,green chiles,chile powder,ground oregano,tomatoes,vegan sugar,waxy potatoes,olive oil,garlic,kale,ground cumin,vegetable broth,lime juice,pepitas,salt,corn tortillas,,,,,,,,,,,,,,,,,,
Eggplant-Potato Moussaka with cashew tofu cream,eggplant,zucchini,russet potatoes,shallot,dry red wine,fire-roasted tomatoes,ground cinnamon,bay leaves,sea salt,unroasted cashews,soft silken tofu,lemon juice,arrowroot powder,garlic,grated nutmeg,salt,olive oil,dried vegan bread crumbs,pine nuts,dried oregano,nutmeg,,,,,,,,,,,,,
Kasha Phyllo Pie,onion,celery,cremini mushrooms,carrot,caraway seeds,ground coriander,salt,black pepper,kasha,vegetable broth,sauerkraut,phyllo dough,olive oil,,,,,,,,,,,,,,,,,,,,,
Tempeh Sheperdess Pie,tempeh,tamari,soy sauce,water,olive oil,onion,garlic,cremini mushrooms,dried thyme,ground coriander,corn,peas,all-purpose flour,vegetable broth,fresh parsley,Yukon gold potatoes,unsweetened non-dairy milk,refined coconut oil,salt,black pepper,,,,,,,,,,,,,,
Seitanic Red & White bean Jambalaya,yellow onion,celery,green bell pepper,,tomato paste,sherry,long-grain white rice,tomatoes,white kidney beans,red kidney beans,fresh thyme,dried thyme,dried marjoram,dried paprika,celery seeds,cayenne,salt,black pepper,fresh parsley,bay leaf,onion powder,vital wheat gluten flour,nutritional yeast,olive oil,garlic,vegetable broth,soy sauce,,,,,,,
Manzana Chili Verde,Yukon gold potatoes,olive oil,yellow onion,jalapeno peppers,poblano peppers,garlic,ground cumin,dried oregano,salt,white wine,tomatillos,Granny Smith apples,vegetable broth,scallion,fresh cilantro,white beans,vegan sugar,lime,avocado,,,,,,,,,,,,,,,
Leek and Bean Cassoulet with Biscuits,Yukon gold potatoes,vegetable broth,cornstarch,olive oil,leek,onion,carrot,garlic,fresh thyme,black pepper,peas,navy beans,unsweetened nondairy milk,apple cider vinegar,all-purpose flour,baking powder,salt,refined coconut oil,,,,,,,,,,,,,,,,
Seitan Piccatta with Olives and Green Beans,all-purpose flour,shallots,,white wine,salt,black pepper,dried thyme,capers,kalamata olives,green beans ,fresh parsley,lemon,mashed potatoes,black olives,vital wheat gluten flour,nutritional yeast,olive oil,garlic,vegetable broth,soy sauce,,,,,,,,,,,,,,
BBQ Black-Eyed-Peas Collard Rolls,collard leaves,cremini mushrooms,collards,black-eyed peas,vegetable oil,yellow onion,garlic,salt,red pepper flakes,tomatoes,molasses,white vinegar,vegan sugar,yellow mustard,liquid smoke,,,,,,,,,,,,,,,,,,,
Spaghetti Squash Mexicana with Tropical Avocado Salsa,spaghetti squash,tomato,pineapple,mango,papaya,avocado,fresh cilantro,lime,vegetable oil,yellow onion,jalapeno peppers,garlic,ground coriander seeds,chile powder,ground cumin,ground cinnamon,salt,cooking wine,corn,black beans,hot sauce,,,,,,,,,,,,,
Pineapple-Cashew Quinoa Stir-Fry,pineapple juice,water,quinoa,cashews,peanut oil,scallions,garlic,red chile,fresh ginger,red bell pepper,green peas,fresh basil leaves,fresh mint,edamame,fresh pineapple,vegetable broth,mirin,maple syrup,lime,soy sauce,sriracha,,,,,,,,,,,,,
Lentils & Rice with caramelized onions and spiced pita crisps,yellow onion,olive oil,water,long-grain brown basmati rice,cinnamon stick,ground cumin,ground allspice,salt,dried red lentils,black pepper,,,,,,,,,,,,,,,,,,,,,,,,
Chickpea & roasted eggplant stew,eggplants,olive oil,garlic,red bell peppers,white onion,dried tarragon,dried thyme,ground coriander,red pepper flakes,smoked paprika,bay leaves,white wine,black pepper,tomatoes,chickpeas,flat-leaf parsley,salt,,,,,,,,,,,,,,,,,
Kabocha udon winter stew,water,shiitake mushroom,kombu,shoyu,fresh ginger,udon noodles,leek,carrot,parsnip,kabocha,fried tofu pouches,firm silken tofu,wakame seaweed,sake,mirin,sesame oil,daikon,scallions,japanese hot pepper powder,pickled sliced ginger,maple syrup,,,,,,,,,,,,,
"Braided seitan with brussels, kale, and sun-dried tomatoes",olive oil,shallots,seitan,Brussel sprouts,garlic,dried thyme,dried basil,dried tarragon,salt,black pepper,sun-dried tomatoes,vegetable broth,red wine,kale,,,,,,,,,,,,,,,,,,,,
Lentil and seitan cholent,olive oil,onion,garlic,dried tarragon,caraway seeds,salt,black pepper,red cooking wine,vegetable broth,water,bay leaves,French lentils,carrot,potatoes,tomato sauce,seitan,lima beans,kidney beans,,,,,,,,,,,,,,,,
Plantain and pinto stew with parsnip chips,vegetable oil,white onion,yellow bell pepper,jalapeno peppers,garlic,tomatoes,white wine,vegetable broth,ground cumin,pinto beans,plantains,fresh cilantro,parsnips,peanut oil,salt,,,,,,,,,,,,,,,,,,,
Pumpkin saag,sugar pumpkin,peanut oil,white onion,garlic,garam masala,ground cinnamon,salt,cayenne pepper,fresh ginger,water,fresh spinach,lime,,,,,,,,,,,,,,,,,,,,,,
Stir fried chikpea and cauliflower curry,virgin coconut oil,chickpeas,cauliflower,star anise,cumin seeds,nigella seeds,garam masala,fresh red chiles,fresh ginger,fresh turmeric,garlic,yellow onion,red bell pepper,tomatoes,salt,lime juice,fresh cilantro,,,,,,,,,,,,,,,,,
Sauteed seitan with mushrooms and spinach,olive oil,seitan,onion,white mushrooms,cremini mushrooms,garlic,dried thyme,dried basil,salt,black pepper,white wine,vegetable broth,spinach,lemon slices,,,,,,,,,,,,,,,,,,,,
Spaghetti and beanballs,onion,green lentils,nutritional yeast,vital wheat gluten flour,soy sauce,tomato paste,water,vegan bread crumbs,spaghetti noodles,olive oil,garlic,tomatoes,dried thyme,dried oregano,salt,black pepper,,,,,,,,,,,,,,,,,,
Spicy tempeh and broccoli rabe with rotelle,whole-wheat rotelle,package tempeh,tomato paste,soy sauce,fennel seeds,red pepper flakes,dried oregano,olive oil,garlic,broccoli rabe,salt,white wine,water,vegetable broth,red wine vinegar,balsamic vinegar,black pepper,,,,,,,,,,,,,,,,,
Spinach linguine with basil-cilantro pesto and artichokes,spinach linguine,red onion,white wine,vegetable broth,water,black pepper,artichoke hearts,fresh basil leaves,fresh cilantro,almonds,garlic,lemon juice,salt,olive oil,,,,,,,,,,,,,,,,,,,,
Pasta della california,linguine,olive oil,garlic,lime zest,red pepper flakes,white wine,vegetable broth,lime juice,salt,black pepper,arugula leaves,broccoli,avocados,,,,,,,,,,,,,,,,,,,,,
Penne vodka,whole cashews,water,crushed tomatoes,olive oil,garlic,red pepper flakes,vodka,dried thyme,dried oregano,salt,black pepper,penne pasta,fresh basil,,,,,,,,,,,,,,,,,,,,,
Pasta e fagioli,olive oil,garlic,plum tomatoes,white wine,vegetable broth,dried thyme,dried oregano,black pepper,salt,penette,white beans,,,,,,,,,,,,,,,,,,,,,,,
Pumpkin baked ziti with caramelized onions and sage crumb topping,ziti pasta,penne pasta,yellow onion,baking soda,maple syrup,sweet paprika,dried thyme,grated nutmeg,cayenne pepper,pumpkin,unsweetened coconut based milk,black pepper,white bread crumbs,walnut pieces,nutritional yeast,fresh sage,dried rosemary,unsweetened almond based milk,raw cashews,lemon juice,olive oil,garlic,dried basil,salt,firm tofu,,,,,,,,,
Mac daddy,elbow macaroni,extra-firm tofu,fresh lemon juice,vegetable broth,all-purpose flour,olive oil,garlic,dried thyme,salt,black pepper,ground turmeric,nutritional yeast flakes,lemon juice,yellow mustard,,,,,,,,,,,,,,,,,,,,
Lasagne marinara with spinach,spinach,lasagna noodles,almonds,sesame seeds,lemon zest,tomatoes,dried thyme,unroasted cashews,soft silken tofu,arrowroot powder,dried oregano,grated nutmeg,extra-firm tofu,lemon juice,garlic,black pepper,fresh basil leaves,olive oil,nutritional yeast,salt,,,,,,,,,,,,,,
Savory butternut risotto,raw cashews,butternut squash,olive oil,shallot,garlic,fresh thyme,fresh rosemary,red pepper flakes,Arborio rice,white wine,salt,vegetable broth,grated nutmeg,lemon juice,,,,,,,,,,,,,,,,,,,,
Asparagus and lemongrass risotto,lemongrass,black peppercorns,yellow onion,fresh ginger,vegetable broth,salt,asparagus,peanut oil,refined coconut oil,shallots,garlic,sake,white wine,serrano red chile,Arborio rice,fresh lime juice,fresh basil leaves,fresh mint,rosted peanuts,lime,,,,,,,,,,,,,,
Lemon and grilled snap pea risotto,snap peas,olive oil,salt,vegetable broth,shallot,garlic,dried thyme,dried rosemary,black pepper,white wine,Arborio rice,lemon zest,fresh parsley,lemon juice,,,,,,,,,,,,,,,,,,,,
Curried udon noodle stir-fry,udon noodles,vegetable oil,all-purpose flour,curry powder,garam masala,vegan sugar,peanut oil,yellow onion,fresh ginger,red chile pepper,red bell pepper,broccoli florets,vital wheat gluten flour,nutritional yeast,olive oil,garlic,vegetable broth,soy sauce,,,,,,,,,,,,,,,,
Udon with shiitake mushrooms and kale in miso broth,udon noodles,vegetable oil,red onion,shiitake mushrooms,garlic,fresh ginger,water,mirin,miso,soy sauce,kale,,,,,,,,,,,,,,,,,,,,,,,
Eggplant and bread crumbs fettucine,eggplant,vegan bread crumbs,dried thyme,olive oil,tomatoes,white wine,vegetable broth,dried oregano,black pepper,salt,fettucine,,,,,,,,,,,,,,,,,,,,,,,
Mustard sauce,cornstarch,vegetable broth,garlic,dried thyme,olive oil,sherry cooking wine,soy sauce,whole-grain Dijon mustard,lemon juice,capers,,,,,,,,,,,,,,,,,,,,,,,,
Red wine and herb sauce,boiling water,bouillon cube,olive oil,all-puprose flour,shallots,garlic,celery,bay leaf,dried marjoram,dried thyme,dried rosemary,red wine,fresh chives,,,,,,,,,,,,,,,,,,,,,
Marinara sauce and variations,olive oil,garlic,tomatoes,dried thyme,dried oregano,salt,black pepper,,,,,,,,,,,,,,,,,,,,,,,,,,,
Tofu ricotta,extra-firm tofu,lemon juice,garlic,black pepper,fresh basil leaves,olive oil,nutritional yeast,salt,,,,,,,,,,,,,,,,,,,,,,,,,,
Cashew ricotta,raw cashews,lemon juice,olive oil,garlic,dried basil,salt,firm tofu,,,,,,,,,,,,,,,,,,,,,,,,,,,
Almesan,almonds,sesame seeds,salt,lemon zest,,,,,,,,,,,,,,,,,,,,,,,,,,,,,,
Backyard BBQ sauce,vegetable oil,yellow onion,garlic,salt,red pepper flakes,tomatoes,molasses,white vinegar,vegan sugar,yellow mustard,liquid smoke,,,,,,,,,,,,,,,,,,,,,,,
Apricot BBQ sauce,peanut oil,yellow onion,garlic,vegetable broth,apricots,black pepper,ground ginger,ground coriander,molasses,maple syrup,tomato paste,soy sauce,liquid smoke,,,,,,,,,,,,,,,,,,,,,
So very sour cream,raw cashews,full-fat coconut milk ,lemon juice,coconut oil,onion powder,salt,,,,,,,,,,,,,,,,,,,,,,,,,,,,
Horseradish-dill sour cream,soft tofu,horseradish,apple cider vinegar,agave nectar,maple syrup,salt,garlic,grapeseed oil,fresh dill,,,,,,,,,,,,,,,,,,,,,,,,,
Sour cilantro cream,silken tofu,lime juice,agave nectar,salt,garlic,grapeseed oil,fresh cilantro,,,,,,,,,,,,,,,,,,,,,,,,,,,
Salsa verde,olive oil,garlic,jalapeno pepper,tomatillos,sea salt,vegetable broth,fresh cilantro,lime,,,,,,,,,,,,,,,,,,,,,,,,,,
Green pumpkin seed mole,pumpkin seeds,black peppercorns,fresh cilantro,fresh parsley,tomatillos,serrano chile,scallions,lettuce leaves,garlic,olive oil,,,,,,,,,,,,,,,,,,,,,,,,
Chile chocolate mole,almonds,tortilla chips,sesame seeds,aniseeds,chile powder,ground cinnamon,dried marjoram,ground allspice,ground cumin,peanut oil,garlic,onion,peanut butter,vegetable broth,tomatoes,vegan semisweet baking chocolate,,,,,,,,,,,,,,,,,,
Mushroom gravy,vegetable broth,all-purpose flour,olive oil,onion,cremini mushrooms,garlic,dried thyme,dried sage,salt,black pepper,white wine,,,,,,,,,,,,,,,,,,,,,,,
Tropical avocado salsa fresca,tomatoes,pinepple,mango,papaya,avocado,fresh cilantro,lime,,,,,,,,,,,,,,,,,,,,,,,,,,,
5-minute mango chutney,peanut oil,garlic,fresh ginger,jalapeno pepper,mango,vegan sugar,red wine vinegar,asafetida,,,,,,,,,,,,,,,,,,,,,,,,,,
Spiced yogurt sauce,unsweetened almond yogurt,unsweetened coconut yogurt,unsweetened hemp yogurt,unsweetened soy yogurt,garam masala,salt,lemon juice,fresh cilantro,cumin seeds,lime juice,,,,,,,,,,,,,,,,,,,,,,,,
Cranberry chile dipping sauce,cranberries,water,vegan sugar,serrano chiles,lime juice,,,,,,,,,,,,,,,,,,,,,,,,,,,,,
Holiday cranberry sauce,apple cider,agar flakes,cranberries,vegan sugar,,,,,,,,,,,,,,,,,,,,,,,,,,,,,,
Basil-cilantro pesto,fresh basil leaves,fresh cilantro,almonds,garlic,lemon juice,salt,olive oil,,,,,,,,,,,,,,,,,,,,,,,,,,,
Dill-tahini sauce,tahini,water,garlic,lemon juice,olive oil,balsamic vinegar,paprika,salt,fresh dill,,,,,,,,,,,,,,,,,,,,,,,,,
Cheezy sauce,vegetable broth,all-purpose flour,olive oil,garlic,dried thyme,salt,black pepper,ground turmeric,nutritional yeast flakes,lemon juice,yellow mustard,,,,,,,,,,,,,,,,,,,,,,,
Citrus-date sesame sauce ,orange juice,soft dates,tahini,sesame seeds,yellow miso,toasted sesame oil,black pepper,,,,,,,,,,,,,,,,,,,,,,,,,,,
Sweet vidalia onion sauce,olive oil,Vidalia onions,mirin,white wine,maple syrup,white balsamic vinegar,red wine vinegar,Dijon mustard,salt,,,,,,,,,,,,,,,,,,,,,,,,,
Jalapeno corn gravy,cornstarch,vegetable broth,olive oil,onion,jalapeno peppers,garlic,dried sage,corn,usweetened nondairy milk,salt,lemon,,,,,,,,,,,,,,,,,,,,,,,
Home style potato rolls,active dry yeast,water,unsweetened almond milk,unsweetened coconut milk,unsweetened soy milk,refined coconut oil,olive oil,all-purpose flour,dark brown sugar,salt,mashed potatoes,cornstarch,potato starch,poppy seeds,,,,,,,,,,,,,,,,,,,,
Whole wheat soda bread with millet and currants,coconut oil,canola oil,uncooked millet,water,Zante currants,dark raisins,whole wheat flour,white whole wheat flour,unbleached all-purpose flour,vegan sugar,caraway seeds,baking powder,salt,refined coconut oil,unsweetened almond milk,unsweetened coconut milk,unsweetened soy milk,apple cider vinegar,,,,,,,,,,,,,,,,
Boston brown bread,coconut oil,whole-grain rye flour,whole wheat flour,yellow cornmeal,baking powder,baking soda,salt,ground cinnamon,grated nutmeg,dark raisins,dates,Mission figs,unsweetened almond milk,unsweetened coconut milk,unsweetened soy milk,apple cider vinegar,light molasses,,,,,,,,,,,,,,,,,
Double rosemary foccacia ,active dry yeast,water,all-purpose flour,olive oil,dried rosemary,salt,fresh rosemary leaves,extra-virgin olive oil,flake salt,whole wheat flour,,,,,,,,,,,,,,,,,,,,,,,,
Yogurt naan bread,water,vegan sugar,active dry yeast,unsweetened almond yogurt,unsweetened coconut yogurt,unsweetened soy yogurt,unsweetened cashew yogurt,coconut oil,salt,all-purpose flour,whole wheat flour,vegan butter,,,,,,,,,,,,,,,,,,,,,,
Poppy seed cornmeal roti,whole wheat flour,poppy seeds,cumin seeds,water,sunflower seed oil,whole wheat pastry flour,cornmeal,olive oil,salt,,,,,,,,,,,,,,,,,,,,,,,,,
Skillet corn bread and variations,canola oil,unsweetened nondairy milk,apple cider vinegar,cornmeal,all-purpose flour,vegan sugar,baking powder,salt,,,,,,,,,,,,,,,,,,,,,,,,,,
Scallion flatbread,all-purpose flour,whole wheat flour,salt,vegetable oil,toasted sesame oil,scallions,water,soy sauce,rice vinegar,vegan sugar,fresh ginger,sesame seeds,,,,,,,,,,,,,,,,,,,,,,
Basic but brilliant berry scones,cooking spray,unsweetened nondairy milk,apple cider vinegar,all-purpose flour,vegan sugar,baking powder,salt,refined coconut oil,pure vanilla extract,berries,,,,,,,,,,,,,,,,,,,,,,,,
Banana-Date scones,coconut oil,pitted dates,all-purpose flour,ground flaxseeds,unsweetened almond milk,unsweetened coconut milk,banana,canola oil,coconut plam sugar,vegan sugar,whole wheat pastry flour,baking powder,ground cinnamon,grated nutmeg,salt,walnuts,,,,,,,,,,,,,,,,,,
Pumpkin cranberry scones,canola oil,refined coconut oil,all-purpose flour,whole wheat pastry flour,baking powder,baking soda,dark brown sugar,vegan sugar,ground cinnamon,ground cardamom,ground ginger,ground cloves,grated nutmeg,salt,ground flaxseeds,plain coconut yogurt,plain almond yogurt,nondairy yogurt,canned pumpkin,dried cranberries,unsweetened nondairy milk,pepitas,,,,,,,,,,,,
Banana-wheat germ muffins,cooking spray,unsweetened nondairy milk,apple cider vinegar,bananas,canola oil,vegan sugar,vanilla extract,whole wheat pasrty flour,wheat germ,ground cinnamon,baking powder,salt,,,,,,,,,,,,,,,,,,,,,,
Almond quinoa crunch muffins,cooking spray,unsweetened almond milk,unsweetened coconut milk,unsweetened soy milk,ground flaxseeds,olive oil,canola oil,maple syrup,vanilla extract,almond extract,all-purpose flour,whole wheat pastry flour,almond meal,baking powder,baking soda,salt,ground cinnamon,red quinoa,dried apricots,dried cherries,almonds,white quinoa,black quinoa,,,,,,,,,,,
Carrot-pineapple sunshine muffins,cooking spray,unsweetened almond yogurt,unsweetened coconut yogurt,unsweetened almond milk,unsweetened soy milk,ground flaxseeds,canola oil,drak brown sugar,pineapple,carrot,orange zest,golden raisins,apricots,whole wheat pastry flour,all-purpose flour,baking powder,baking soda,ground ginger,ground cinnamon,salt,,,,,,,,,,,,,,
Cranberry orange nut bread,cooking spray,unsweetened nondairy milk,orange juice,canola oil,vegan sugar,vanilla extract,all-purpose flour,baking powder,baking soda,salt,ground allspice,orange zest,fresh cranberries,walnuts,,,,,,,,,,,,,,,,,,,,
Lower-fat banana bread,cooking spray,vegan sugar,banana,applesauce,canola oil,molasses,all-purpose flour,baking soda,ground cinnamon,grated nutmeg,salt,chocolate chips,,,,,,,,,,,,,,,,,,,,,,
Applesauce 'n' raisins oat bran muffins,cooking spray,sweetened almond milk,sweetened coconut milk,sweetened soy milk,ground flaxseeds,applesauce,olive oil,canola oil,dark brown sugar,all-purpose flour,whole wheat pasrty flour,oat bran,baking powder,baking soda,ground cinnamon,grated nutmeg,salt,dark raisins,dried cranberries,,,,,,,,,,,,,,,
Maple walnut pinwheels,unsweetened almond milk,unsweetened coconut milk,unsweetened soy milk,water,active dry yeast,all-purpose flour,whole wheat white flour,dark brown sugar,salt,ground cardamom,ground allspice,olive oil,maple syrup,walnut pieces,confectioner's sugar,refined coconut oil,maple extract,,,,,,,,,,,,,,,,,
Veganomicon Chocolate chip cookies,unsweetened almond milk,unsweetened nondairy milk,ground golden flaxseeds,dark brown sugar,vegan sugar,canola oil,olive oil,vanilla extract,lemon zest,all-purpose flour,baking soda,salt,vegan chocolate chips,cooking spray,flaky sea salt,,,,,,,,,,,,,,,,,,,
Pistachio rose water cookies,cooking spray,vegan sugar,canola oil,unsweetened rice milk,unsweetened soy milk,rose water,vanilla extract,lime zest,lime juice,cornstarch,all-purpose flour,baking powder,salt,ground cardamom,pistachios,,,,,,,,,,,,,,,,,,,
Chewy chocolate raspberry cookies,cooking spray,raspberry preserves,vegan sugar,canola oil,vanilla extract,almond extract,unsweetened cocoa powder,all-purpose flour,baking soda,salt,,,,,,,,,,,,,,,,,,,,,,,,
Fig smushed anise-almond cookies,cooking spray,ground flaxseeds,unsweetened nondairy milk,turbinado sugar,canola oil,vanilla extract,anise extract,all-purpose flour,baking powder,salt,almonds,Mission figs,,,,,,,,,,,,,,,,,,,,,,
Terry's favorite almond cookie,all-purpose flour,almond meal,ground almonds,baking soda,salt,refined coconut oil,brown rice syrup,unsweetened almond milk,vegan sugar,almond extract,vanilla extract,toasted sesame oil,almonds,canola oil,,,,,,,,,,,,,,,,,,,,
Chocolate-chocolate chip-walnut cookies,all-purpose flour,unsweetened Dutch-processed cocoa powder,baking soda,salt,canola oil,vegan sugar,ground flaxseeds,unsweetened nondairy milk,vanilla extract,almond extract,vegan chocolate chips,walnuts,,,,,,,,,,,,,,,,,,,,,,
Oaty chocolate chip cookies,oat flour,baking soda,salt,ground flaxseeds,unsweetened nondairy milk,dark brown sugar,vegan sugar,canola oil,vanilla extract,vegan chocolate chips,,,,,,,,,,,,,,,,,,,,,,,,
Peanut-ginger-sesame cookies,all-purpose flour,whole wheat pasrty flour,white whole wheat,baking powder,baking soda,salt,ground ginger,ground cinnamon,virgin coconut oil,chunky peanut butter,brown rice syrup,vegan sugar,unsweetened almond milk,vanilla extract,almond extract,candied ginger,white sesame seeds,black sesame seeds,,,,,,,,,,,,,,,,
Rumnog pecan cookies,canola oil,vegan sugar,molasses,pure vanilla extract,all-purpose flour,cornstarch,baking powder,baking soda,ground cinammon,salt,pecans,refined coconut oil,confectioner's sugar,unsweetened almond milk,dark rum,vanilla extract,grated nutmeg,sugar sprinkles,,,,,,,,,,,,,,,,
Chewy oatmeal-raisin cookies,canola oil,safflower oil,brown rice syrup,unsweetened almond milk,unsweetened coconut milk,light brown sugar,vanilla extract,whole wheat pastry flour,all-purpose flour,baking powder,baking soda,ground cinammon,grated nutmeg,ground allspice,salt,quick-cooking oats,dark raisins,,,,,,,,,,,,,,,,,
Almond-anise biscotti,unsweetened almond milk,unsweetened coconut milk,ground flaxseeds,vegan sugar,canola oil,vanilla extract,almond extract,all-purpose flour,whole wheat pastry flour,arrowroot powder,baking powder,aniseeds,salt,whole almonds,,,,,,,,,,,,,,,,,,,,
Chocolate-hazelnut biscotti,unsweetened almond milk,unsweetened coconut milk,ground flaxseeds,vegan sugar,canola oil,vanilla extract,almond extract,all-purpose flour,whole wheat pastry flour,unsweetened Dutch processed cocoa powder,arrowroot powder,cornstarch,baking powder,salt,whole hazelnuts,,,,,,,,,,,,,,,,,,,
Apple-peanut butter-caramel bars,coconut oil,vegan graham cracker,unsweetened coconut oil,unsweetened almond milk,vanilla extract,ground nutmeg,salt,refined coconut oil,Granny Smith apples,vegan sugar,all-purpose flour,lemon juice,ground cinnamon,ground ginger,chunky peanut butter,maple syrup,brown rice syrup,cooking spray,,,,,,,,,,,,,,,,
Fudgy wudgy blueberry brownies,cooking spray,vegan semisweet chocolate chips,blueberry spreadable fruit,unsweetened nondairy milk,vegan sugar,canola oil,vanilla extract,almond extract,all-purpose flour,unsweetened cocoa powder,baking powder,baking soda,salt,blueberries,,,,,,,,,,,,,,,,,,,,
Lemon bars,cooking spray,all-purpose flour,confectioners sugar,cornstarch,refined coconut oil,agar flakes,lemon zest,lemon juice,arrowroot powder,vegan sugar,ground turmeric,unsweetened nondairy milk,,,,,,,,,,,,,,,,,,,,,,
Tea-poached pears in chocolate sauce,water,black tea,vegan sugar,Bosc pears,navel orange zest,vanilla extract,vegan semisweet chocolate chips,vanilla ice cream,fresh mint,,,,,,,,,,,,,,,,,,,,,,,,,
Berry-coconut crisp,quinoa flour,white rice flour,shredded unsweetened coconut,grated nutmeg,refined coconut oil,blueberries,raspberries,tapioca flour,water,vegan sugar,coconut extract,vanilla extract,,,,,,,,,,,,,,,,,,,,,,
Strawberry rose water cobbler with lemon poppy seed pastry,strawberries,tapioca flower,rose water,water,unsweetened nondairy milk,lemon zest,lemon juice,vanilla extract,all-purpose flour,vegan sugar,poppy seeds,baking powder,salt,canola oil,,,,,,,,,,,,,,,,,,,,
Strawberry plum crisp,black plums,strawberries,tapioca flour,arrowroot powder,vanilla extract,ground ginger,ground cloves,rolled oats,all-purpose flour,vegan sugar,aniseeds,ground cinnamon,salt,canola oil,,,,,,,,,,,,,,,,,,,,
Mango pear pandowdy,mangoes,Bartlett pears,vegan sugar,arrowroot powder,tapioca flour,ground ginger,ground cinnamon,all-purpose flour,salt,refined coconut oil,olive oil,water,apple cider vinegar,,,,,,,,,,,,,,,,,,,,,
Individual heart-shaped apple galettes,all-purpose flour,whole wheat pastry flour,whole wheat flour,vegan sugar,salt,refined coconut oil,apple cider vinegar,water,Granny Smith apples,light brown sugar,ground cinnamon,apricot preserves,canola oil spray,,,,,,,,,,,,,,,,,,,,,
Banana-chocolate chip bread pudding,coconut oil,almond based milk,coconut based milk,cornstarch,arrowroot powder,maple syrup,vanilla extract,ground cinnamon,ground nutmeg,stale bread,vegan chocolate chips,banana,,,,,,,,,,,,,,,,,,,,,,
Caramel apple spice cupcakes,firm cooking apples,unsweetened almond milk,unsweetened coconut milk,lemon juice,canola oil,vegan sugar,lemon zest,all-purpose flour,baking powder,ground cinnamon,gound nutmeg,dark brown sugar,virgin coconut oil,almond based creamer,coconut based creamer,coconut flour,salt,confectioners sugar,vanilla extract,roasted almonds,roasted peanuts,,,,,,,,,,,,,
Jelly donut cupcakes,unsweetened nondairy milk,apple cider vinegar,cornstarch,all-purpose flour,baking powder,baking soda,ground nutmeg,salt,canola oil,vegan sugar,vanilla extract,raspberry jam,confectioners sugar,,,,,,,,,,,,,,,,,,,,,
Vanilla-yogurt pound cake,cooking spray,all-purpose flour,vanilla almond yogurt,vanilla coconut yogurt,vanilla soy yogurt,silken tofu,unsweetened nondairy milk,vegan sugar,canola oil,vanilla extract,lemon extract,lemon zest,orange extract,orange zest,arrowroot powder,baking powder,baking soda,salt,,,,,,,,,,,,,,,,
Deep chocolate bundt cake,cooking spray,brewed coffee,unsweetened Dutch-processed cocoa powder,vegan sugar,canola oil,applesauce,cornstarch,vanilla extract,almond extract,whole wheat pastry flour,all-purpose flour,baking powder,baking soda,salt,confectioners sugar,,,,,,,,,,,,,,,,,,,
Pumpkin crumb cake with pecan streusel,cooking spray,dark brown sugar,pecans,can of pumpkin puree,unsweetened nondairy milk,canola oil,vegan sugar,molasses,vanilla extract,all-purpose flour,baking powder,salt,ground cinnamon,ground nutmeg,ground ginger,ground allspice,ground cloves,,,,,,,,,,,,,,,,,
Coconut lemon bundt cake,vegan sugar,canola oil,full-fat coconut milk,unsweetened nondairy milk,lemon zest,lemon juice,vanilla extract,all-purpose flour,baking powder,baking soda,salt,shredded unsweetened coconut,confectioners sugar,,,,,,,,,,,,,,,,,,,,,
Smlove pie,cooking spray,graham crackers,bittersweet vegan chocolate,silken tofu,hazelnut liqueur,vanilla extract,arrowroot powder,pecans,canola oil,salt,peanut butter,maple syrup,brown rice syrup,unsweetened nondairy milk,vegan bittersweet chocolate,,,,,,,,,,,,,,,,,,,
Lost coconut custard pie,unsweetened rice-based milk,unsweetened almond based milk,unsweetened coconut based milk,arrowroot powder,cornstarch,agar powder,full-fat coconut milk,lemon juice,sugar,vanilla extract,coconut extract,shredded unsweetened coconut,all-purpose flour,salt,refined coconut oil,olive oil,water,apple cider vinegar,,,,,,,,,,,,,,,,
Vanilla ice cream,cream of coconut milk,unsweetened nondairy milk,vegan sugar,silken tofu,vanilla extract,,,,,,,,,,,,,,,,,,,,,,,,,,,,,
Crumb crust,"unsweetened, shredded coconut",matzo meal,vegan graham cracker crumbs,vegan vanilla cookie crumbs,organic sugar,virgin coconut oil,soy milk creamer,coconut milk creamer,,,,,,,,,,,,,,,,,,,,,,,,,,
"Pastry crust, single and double",all-purpose flour,salt,refined coconut oil,olive oil,water,apple cider vinegar,,,,,,,,,,,,,,,,,,,,,,,,,,,,
